﻿<?xml version="1.0" encoding="utf-8"?>

<addonManifest xmlns:xsd="http://www.w3.org/2001/XMLSchema"
               xmlns:xsi="http://www.w3.org/2001/XMLSchema-instance"
               xmlns="http://schemas.apprenda.com/AddonManifest"
               xsi:schemaLocation="http://schemas.apprenda.com/AddonManifest http://apprenda.com/schemas/platform/5.0/AddonManifest.xsd"
               name="Azure Service Bus"
               description="Azure Service Bus is a generic, cloud-based messaging system for connecting just about anything—applications, services, and devices—wherever they are. Connect apps running on Azure, on-premises—or both."
               deploymentNotes="Configured to work on .NET 4.5 runtime, and Apprenda 5.0.x"
               developerHelp="contact cdutra@apprenda.com for assistance."
               vendor="Apprenda"
               author="Chris Dutra"
               version="1.0.0"
               provisioningUsername=""
               provisioningPassword=""
               provisioningLocation="">
  <properties>
    <property key="StorageAccountName" displayName="Azure Storage Account Name" description="" value="" />
    <property key="AzureManagementSubscriptionID" displayName="Azure Management Subscription ID" description=""
              value="" />
    <property key="AzureAuthenticationKey" displayName="Azure Management Auth Key" description="" value="" />
    <property key="AzureURL" displayName="Your Azure URL" description="" value="https://management.core.windows.net" />
    <property key="Description" displayName="" description="" value="Creating storage for Dutron application." />
    <property key="GeoReplicationEnabled" displayName="Geo Replication Option"
              description="Set to false if you do not want your storage replicated globally. Default is true."
              value="false" />
    <property key="Location" displayName="" description="" value="East US" />
  </properties>
</addonManifest>